{"cameraMode":{"drawMode":0,"name":"Shaded","section":"Shading Mode"},"sceneLighting":true,"audioPlay":false,"sceneViewState":{"m_AlwaysRefresh":false,"showFog":true,"showSkybox":true,"showFlares":true,"showImageEffects":true,"showParticleSystems":true,"showVisualEffectGraphs":true,"m_FxEnabled":true},"in2DMode":false,"pivot":{"x":-0.661361813545227,"y":1.2501800060272217,"z":-0.9301043748855591},"rotation":{"x":0.20306754112243653,"y":0.29294663667678835,"z":-0.06382039189338684,"w":0.9321390986442566},"size":3.256018877029419,"orthographic":true}